Black-bellied Whistling-Duck,Dendrocygna autumnalis,Anseriformes,Anatidae
West Indian Whistling-Duck,Dendrocygna arborea,Anseriformes,Anatidae
Fulvous Whistling-Duck,Dendrocygna bicolor,Anseriformes,Anatidae
Bar-headed Goose,Anser indicus,Anseriformes,Anatidae
Emperor Goose,Anser canagicus,Anseriformes,Anatidae
Snow Goose,Anser caerulescens,Anseriformes,Anatidae
Ross's Goose,Anser rossii,Anseriformes,Anatidae
Graylag Goose,Anser anser,Anseriformes,Anatidae
Greater White-fronted Goose,Anser albifrons,Anseriformes,Anatidae
Lesser White-fronted Goose,Anser erythropus,Anseriformes,Anatidae
Taiga Bean-Goose,Anser fabalis,Anseriformes,Anatidae
Tundra Bean-Goose,Anser serrirostris,Anseriformes,Anatidae
Pink-footed Goose,Anser brachyrhynchus,Anseriformes,Anatidae
Brant,Branta bernicla,Anseriformes,Anatidae
Barnacle Goose,Branta leucopsis,Anseriformes,Anatidae
Cackling Goose,Branta hutchinsii,Anseriformes,Anatidae
Canada Goose,Branta canadensis,Anseriformes,Anatidae
Hawaiian Goose,Branta sandvicensis,Anseriformes,Anatidae
Mute Swan,Cygnus olor,Anseriformes,Anatidae
Trumpeter Swan,Cygnus buccinator,Anseriformes,Anatidae
Tundra Swan,Cygnus columbianus,Anseriformes,Anatidae
Whooper Swan,Cygnus cygnus,Anseriformes,Anatidae
Orinoco Goose,Oressochen jubatus,Anseriformes,Anatidae
Muscovy Duck,Cairina moschata,Anseriformes,Anatidae
Wood Duck,Aix sponsa,Anseriformes,Anatidae
Baikal Teal,Sibirionetta formosa,Anseriformes,Anatidae
Garganey,Spatula querquedula,Anseriformes,Anatidae
Blue-winged Teal,Spatula discors,Anseriformes,Anatidae
Cinnamon Teal,Spatula cyanoptera,Anseriformes,Anatidae
Northern Shoveler,Spatula clypeata,Anseriformes,Anatidae
Gadwall,Mareca strepera,Anseriformes,Anatidae
Falcated Duck,Mareca falcata,Anseriformes,Anatidae
Eurasian Wigeon,Mareca penelope,Anseriformes,Anatidae
American Wigeon,Mareca americana,Anseriformes,Anatidae
Laysan Duck,Anas laysanensis,Anseriformes,Anatidae
Hawaiian Duck,Anas wyvilliana,Anseriformes,Anatidae
Eastern Spot-billed Duck,Anas zonorhyncha,Anseriformes,Anatidae
Mallard,Anas platyrhynchos,Anseriformes,Anatidae
American Black Duck,Anas rubripes,Anseriformes,Anatidae
Mottled Duck,Anas fulvigula,Anseriformes,Anatidae
White-cheeked Pintail,Anas bahamensis,Anseriformes,Anatidae
Northern Pintail,Anas acuta,Anseriformes,Anatidae
Green-winged Teal,Anas crecca,Anseriformes,Anatidae
Canvasback,Aythya valisineria,Anseriformes,Anatidae
Redhead,Aythya americana,Anseriformes,Anatidae
Common Pochard,Aythya ferina,Anseriformes,Anatidae
Ring-necked Duck,Aythya collaris,Anseriformes,Anatidae
Tufted Duck,Aythya fuligula,Anseriformes,Anatidae
Greater Scaup,Aythya marila,Anseriformes,Anatidae
Lesser Scaup,Aythya affinis,Anseriformes,Anatidae
Steller's Eider,Polysticta stelleri,Anseriformes,Anatidae
Spectacled Eider,Somateria fischeri,Anseriformes,Anatidae
King Eider,Somateria spectabilis,Anseriformes,Anatidae
Common Eider,Somateria mollissima,Anseriformes,Anatidae
Harlequin Duck,Histrionicus histrionicus,Anseriformes,Anatidae
Labrador Duck,Camptorhynchus labradorius,Anseriformes,Anatidae
Surf Scoter,Melanitta perspicillata,Anseriformes,Anatidae
White-winged Scoter,Melanitta fusca,Anseriformes,Anatidae
Common Scoter,Melanitta nigra,Anseriformes,Anatidae
Black Scoter,Melanitta americana,Anseriformes,Anatidae
Long-tailed Duck,Clangula hyemalis,Anseriformes,Anatidae
Bufflehead,Bucephala albeola,Anseriformes,Anatidae
Common Goldeneye,Bucephala clangula,Anseriformes,Anatidae
Barrow's Goldeneye,Bucephala islandica,Anseriformes,Anatidae
Smew,Mergellus albellus,Anseriformes,Anatidae
Hooded Merganser,Lophodytes cucullatus,Anseriformes,Anatidae
Common Merganser,Mergus merganser,Anseriformes,Anatidae
Red-breasted Merganser,Mergus serrator,Anseriformes,Anatidae
Masked Duck,Nomonyx dominicus,Anseriformes,Anatidae
Ruddy Duck,Oxyura jamaicensis,Anseriformes,Anatidae
Plain Chachalaca,Ortalis vetula,Galliformes,Cracidae
Helmeted Guineafowl,Numida meleagris,Galliformes,Numididae
Mountain Quail,Oreortyx pictus,Galliformes,Odontophoridae
Northern Bobwhite,Colinus virginianus,Galliformes,Odontophoridae
Scaled Quail,Callipepla squamata,Galliformes,Odontophoridae
California Quail,Callipepla californica,Galliformes,Odontophoridae
Gambel's Quail,Callipepla gambelii,Galliformes,Odontophoridae
Montezuma Quail,Cyrtonyx montezumae,Galliformes,Odontophoridae
Indian Peafowl,Pavo cristatus,Galliformes,Phasianidae
Chukar,Alectoris chukar,Galliformes,Phasianidae
Himalayan Snowcock,Tetraogallus himalayensis,Galliformes,Phasianidae
Erckel's Francolin,Pternistis erckelii,Galliformes,Phasianidae
Black Francolin,Francolinus francolinus,Galliformes,Phasianidae
Gray Francolin,Francolinus pondicerianus,Galliformes,Phasianidae
Chinese Bamboo-Partridge,Bambusicola thoracicus,Galliformes,Phasianidae
Elliot's Pheasant,Syrmaticus ellioti,Galliformes,Phasianidae
Lady Amherst's Pheasant,Chrysolophus amherstiae,Galliformes,Phasianidae
Ring-necked Pheasant,Phasianus colchicus,Galliformes,Phasianidae
Silver Pheasant,Lophura nycthemera,Galliformes,Phasianidae
Kalij Pheasant,Lophura leucomelanos,Galliformes,Phasianidae
Gray Partridge,Perdix perdix,Galliformes,Phasianidae
Ruffed Grouse,Bonasa umbellus,Galliformes,Phasianidae
Greater Sage-Grouse,Centrocercus urophasianus,Galliformes,Phasianidae
Gunnison Sage-Grouse,Centrocercus minimus,Galliformes,Phasianidae
Spruce Grouse,Falcipennis canadensis,Galliformes,Phasianidae
Willow Ptarmigan,Lagopus lagopus,Galliformes,Phasianidae
Rock Ptarmigan,Lagopus muta,Galliformes,Phasianidae
White-tailed Ptarmigan,Lagopus leucura,Galliformes,Phasianidae
Dusky Grouse,Dendragapus obscurus,Galliformes,Phasianidae
Sooty Grouse,Dendragapus fuliginosus,Galliformes,Phasianidae
Sharp-tailed Grouse,Tympanuchus phasianellus,Galliformes,Phasianidae
Greater Prairie-Chicken,Tympanuchus cupido,Galliformes,Phasianidae
Lesser Prairie-Chicken,Tympanuchus pallidicinctus,Galliformes,Phasianidae
Wild Turkey,Meleagris gallopavo,Galliformes,Phasianidae
Red-throated Loon,Gavia stellata,Gaviiformes,Gaviidae
Arctic Loon,Gavia arctica,Gaviiformes,Gaviidae
Pacific Loon,Gavia pacifica,Gaviiformes,Gaviidae
Common Loon,Gavia immer,Gaviiformes,Gaviidae
Yellow-billed Loon,Gavia adamsii,Gaviiformes,Gaviidae
Least Grebe,Tachybaptus dominicus,Podicipediformes,Podicipedidae
Pied-billed Grebe,Podilymbus podiceps,Podicipediformes,Podicipedidae
Horned Grebe,Podiceps auritus,Podicipediformes,Podicipedidae
Red-necked Grebe,Podiceps grisegena,Podicipediformes,Podicipedidae
Eared Grebe,Podiceps nigricollis,Podicipediformes,Podicipedidae
Western Grebe,Aechmophorus occidentalis,Podicipediformes,Podicipedidae
Clark's Grebe,Aechmophorus clarkii,Podicipediformes,Podicipedidae
Chilean Flamingo,Phoenicopterus chilensis,Phoenicopteriformes,Phoenicopteridae
American Flamingo,Phoenicopterus ruber,Phoenicopteriformes,Phoenicopteridae
Yellow-nosed Albatross,Thalassarche chlororhynchos,Procellariiformes,Diomedeidae
White-capped Albatross,Thalassarche cauta,Procellariiformes,Diomedeidae
Salvin's Albatross,Thalassarche salvini,Procellariiformes,Diomedeidae
Chatham Albatross,Thalassarche eremita,Procellariiformes,Diomedeidae
Black-browed Albatross,Thalassarche melanophris,Procellariiformes,Diomedeidae
Light-mantled Albatross,Phoebetria palpebrata,Procellariiformes,Diomedeidae
Wandering Albatross,Diomedea exulans,Procellariiformes,Diomedeidae
Laysan Albatross,Phoebastria immutabilis,Procellariiformes,Diomedeidae
Black-footed Albatross,Phoebastria nigripes,Procellariiformes,Diomedeidae
Short-tailed Albatross,Phoebastria albatrus,Procellariiformes,Diomedeidae
Southern Giant-Petrel,Macronectes giganteus,Procellariiformes,Procellariidae
Northern Fulmar,Fulmarus glacialis,Procellariiformes,Procellariidae
Gray-faced Petrel,Pterodroma gouldi,Procellariiformes,Procellariidae
Kermadec Petrel,Pterodroma neglecta,Procellariiformes,Procellariidae
Trindade Petrel,Pterodroma arminjoniana,Procellariiformes,Procellariidae
Herald Petrel,Pterodroma heraldica,Procellariiformes,Procellariidae
Murphy's Petrel,Pterodroma ultima,Procellariiformes,Procellariidae
Providence Petrel,Pterodroma solandri,Procellariiformes,Procellariidae
Zino's Petrel,Pterodroma madeira,Procellariiformes,Procellariidae
Fea's Petrel,Pterodroma feae,Procellariiformes,Procellariidae
Mottled Petrel,Pterodroma inexpectata,Procellariiformes,Procellariidae
Bermuda Petrel,Pterodroma cahow,Procellariiformes,Procellariidae
Black-capped Petrel,Pterodroma hasitata,Procellariiformes,Procellariidae
Juan Fernandez Petrel,Pterodroma externa,Procellariiformes,Procellariidae
Hawaiian Petrel,Pterodroma sandwichensis,Procellariiformes,Procellariidae
White-necked Petrel,Pterodroma cervicalis,Procellariiformes,Procellariidae
Bonin Petrel,Pterodroma hypoleuca,Procellariiformes,Procellariidae
Black-winged Petrel,Pterodroma nigripennis,Procellariiformes,Procellariidae
Cook's Petrel,Pterodroma cookii,Procellariiformes,Procellariidae
Stejneger's Petrel,Pterodroma longirostris,Procellariiformes,Procellariidae
Phoenix Petrel,Pterodroma alba,Procellariiformes,Procellariidae
Bulwer's Petrel,Bulweria bulwerii,Procellariiformes,Procellariidae
Jouanin's Petrel,Bulweria fallax,Procellariiformes,Procellariidae
Tahiti Petrel,Pseudobulweria rostrata,Procellariiformes,Procellariidae
Parkinson's Petrel,Procellaria parkinsoni,Procellariiformes,Procellariidae
Streaked Shearwater,Calonectris leucomelas,Procellariiformes,Procellariidae
Cory's Shearwater,Calonectris diomedea,Procellariiformes,Procellariidae
Cape Verde Shearwater,Calonectris edwardsii,Procellariiformes,Procellariidae
Pink-footed Shearwater,Ardenna creatopus,Procellariiformes,Procellariidae
Flesh-footed Shearwater,Ardenna carneipes,Procellariiformes,Procellariidae
Great Shearwater,Ardenna gravis,Procellariiformes,Procellariidae
Wedge-tailed Shearwater,Ardenna pacifica,Procellariiformes,Procellariidae
Buller's Shearwater,Ardenna bulleri,Procellariiformes,Procellariidae
Sooty Shearwater,Ardenna grisea,Procellariiformes,Procellariidae
Short-tailed Shearwater,Ardenna tenuirostris,Procellariiformes,Procellariidae
Christmas Shearwater,Puffinus nativitatis,Procellariiformes,Procellariidae
Manx Shearwater,Puffinus puffinus,Procellariiformes,Procellariidae
Newell's Shearwater,Puffinus newelli,Procellariiformes,Procellariidae
Bryan's Shearwater,Puffinus bryani,Procellariiformes,Procellariidae
Black-vented Shearwater,Puffinus opisthomelas,Procellariiformes,Procellariidae
Barolo Shearwater,Puffinus baroli,Procellariiformes,Procellariidae
Audubon's Shearwater,Puffinus lherminieri,Procellariiformes,Procellariidae
Wilson's Storm-Petrel,Oceanites oceanicus,Procellariiformes,Hydrobatidae
White-faced Storm-Petrel,Pelagodroma marina,Procellariiformes,Hydrobatidae
European Storm-Petrel,Hydrobates pelagicus,Procellariiformes,Hydrobatidae
Fork-tailed Storm-Petrel,Oceanodroma furcata,Procellariiformes,Hydrobatidae
Ringed Storm-Petrel,Oceanodroma hornbyi,Procellariiformes,Hydrobatidae
Leach's Storm-Petrel,Oceanodroma leucorhoa,Procellariiformes,Hydrobatidae
Townsend's Storm-Petrel,Oceanodroma socorroensis,Procellariiformes,Hydrobatidae
Ainley's Storm-Petrel,Oceanodroma cheimomnestes,Procellariiformes,Hydrobatidae
Swinhoe's Storm-Petrel,Oceanodroma monorhis,Procellariiformes,Hydrobatidae
Ashy Storm-Petrel,Oceanodroma homochroa,Procellariiformes,Hydrobatidae
Band-rumped Storm-Petrel,Oceanodroma castro,Procellariiformes,Hydrobatidae
Wedge-rumped Storm-Petrel,Oceanodroma tethys,Procellariiformes,Hydrobatidae
Black Storm-Petrel,Oceanodroma melania,Procellariiformes,Hydrobatidae
Tristram's Storm-Petrel,Oceanodroma tristrami,Procellariiformes,Hydrobatidae
Least Storm-Petrel,Oceanodroma microsoma,Procellariiformes,Hydrobatidae
White-tailed Tropicbird,Phaethon lepturus,Phaethontiformes,Phaethontidae
Red-billed Tropicbird,Phaethon aethereus,Phaethontiformes,Phaethontidae
Red-tailed Tropicbird,Phaethon rubricauda,Phaethontiformes,Phaethontidae
Jabiru,Jabiru mycteria,Ciconiiformes,Ciconiidae
Wood Stork,Mycteria americana,Ciconiiformes,Ciconiidae
Lesser Frigatebird,Fregata ariel,Suliformes,Fregatidae
Magnificent Frigatebird,Fregata magnificens,Suliformes,Fregatidae
Great Frigatebird,Fregata minor,Suliformes,Fregatidae
Masked Booby,Sula dactylatra,Suliformes,Sulidae
Nazca Booby,Sula granti,Suliformes,Sulidae
Blue-footed Booby,Sula nebouxii,Suliformes,Sulidae
Brown Booby,Sula leucogaster,Suliformes,Sulidae
Red-footed Booby,Sula sula,Suliformes,Sulidae
Northern Gannet,Morus bassanus,Suliformes,Sulidae
Brandt's Cormorant,Phalacrocorax penicillatus,Suliformes,Phalacrocoracidae
Red-faced Cormorant,Phalacrocorax urile,Suliformes,Phalacrocoracidae
Pelagic Cormorant,Phalacrocorax pelagicus,Suliformes,Phalacrocoracidae
Great Cormorant,Phalacrocorax carbo,Suliformes,Phalacrocoracidae
Neotropic Cormorant,Phalacrocorax brasilianus,Suliformes,Phalacrocoracidae
Double-crested Cormorant,Phalacrocorax auritus,Suliformes,Phalacrocoracidae
Anhinga,Anhinga anhinga,Suliformes,Anhingidae
American White Pelican,Pelecanus erythrorhynchos,Pelecaniformes,Pelecanidae
Brown Pelican,Pelecanus occidentalis,Pelecaniformes,Pelecanidae
American Bittern,Botaurus lentiginosus,Pelecaniformes,Ardeidae
Great Bittern,Botaurus stellaris,Pelecaniformes,Ardeidae
Yellow Bittern,Ixobrychus sinensis,Pelecaniformes,Ardeidae
Least Bittern,Ixobrychus exilis,Pelecaniformes,Ardeidae
Bare-throated Tiger-Heron,Tigrisoma mexicanum,Pelecaniformes,Ardeidae
Great Blue Heron,Ardea herodias,Pelecaniformes,Ardeidae
Gray Heron,Ardea cinerea,Pelecaniformes,Ardeidae
Great Egret,Ardea alba,Pelecaniformes,Ardeidae
Intermediate Egret,Ardea intermedia,Pelecaniformes,Ardeidae
Chinese Egret,Egretta eulophotes,Pelecaniformes,Ardeidae
Little Egret,Egretta garzetta,Pelecaniformes,Ardeidae
Western Reef-Heron,Egretta gularis,Pelecaniformes,Ardeidae
Snowy Egret,Egretta thula,Pelecaniformes,Ardeidae
Little Blue Heron,Egretta caerulea,Pelecaniformes,Ardeidae
Tricolored Heron,Egretta tricolor,Pelecaniformes,Ardeidae
Reddish Egret,Egretta rufescens,Pelecaniformes,Ardeidae
Cattle Egret,Bubulcus ibis,Pelecaniformes,Ardeidae
Chinese Pond-Heron,Ardeola bacchus,Pelecaniformes,Ardeidae
Green Heron,Butorides virescens,Pelecaniformes,Ardeidae
Striated Heron,Butorides striata,Pelecaniformes,Ardeidae
Black-crowned Night-Heron,Nycticorax nycticorax,Pelecaniformes,Ardeidae
Yellow-crowned Night-Heron,Nyctanassa violacea,Pelecaniformes,Ardeidae
White Ibis,Eudocimus albus,Pelecaniformes,Threskiornithidae
Scarlet Ibis,Eudocimus ruber,Pelecaniformes,Threskiornithidae
Glossy Ibis,Plegadis falcinellus,Pelecaniformes,Threskiornithidae
White-faced Ibis,Plegadis chihi,Pelecaniformes,Threskiornithidae
Sacred Ibis,Threskiornis aethiopicus,Pelecaniformes,Threskiornithidae
Roseate Spoonbill,Platalea ajaja,Pelecaniformes,Threskiornithidae
Black Vulture,Coragyps atratus,Cathartiformes,Cathartidae
Turkey Vulture,Cathartes aura,Cathartiformes,Cathartidae
California Condor,Gymnogyps californianus,Cathartiformes,Cathartidae
Osprey,Pandion haliaetus,Accipitriformes,Pandionidae
White-tailed Kite,Elanus leucurus,Accipitriformes,Accipitridae
Hook-billed Kite,Chondrohierax uncinatus,Accipitriformes,Accipitridae
Swallow-tailed Kite,Elanoides forficatus,Accipitriformes,Accipitridae
Golden Eagle,Aquila chrysaetos,Accipitriformes,Accipitridae
Snail Kite,Rostrhamus sociabilis,Accipitriformes,Accipitridae
Double-toothed Kite,Harpagus bidentatus,Accipitriformes,Accipitridae
Mississippi Kite,Ictinia mississippiensis,Accipitriformes,Accipitridae
Eurasian Marsh-Harrier,Circus aeruginosus,Accipitriformes,Accipitridae
Hen Harrier,Circus cyaneus,Accipitriformes,Accipitridae
Northern Harrier,Circus hudsonius,Accipitriformes,Accipitridae
Chinese Sparrowhawk,Accipiter soloensis,Accipitriformes,Accipitridae
Eurasian Sparrowhawk,Accipiter nisus,Accipitriformes,Accipitridae
Sharp-shinned Hawk,Accipiter striatus,Accipitriformes,Accipitridae
Cooper's Hawk,Accipiter cooperii,Accipitriformes,Accipitridae
Northern Goshawk,Accipiter gentilis,Accipitriformes,Accipitridae
Black Kite,Milvus migrans,Accipitriformes,Accipitridae
Bald Eagle,Haliaeetus leucocephalus,Accipitriformes,Accipitridae
White-tailed Eagle,Haliaeetus albicilla,Accipitriformes,Accipitridae
Steller's Sea-Eagle,Haliaeetus pelagicus,Accipitriformes,Accipitridae
Crane Hawk,Geranospiza caerulescens,Accipitriformes,Accipitridae
Common Black Hawk,Buteogallus anthracinus,Accipitriformes,Accipitridae
Great Black Hawk,Buteogallus urubitinga,Accipitriformes,Accipitridae
Roadside Hawk,Rupornis magnirostris,Accipitriformes,Accipitridae
Harris's Hawk,Parabuteo unicinctus,Accipitriformes,Accipitridae
White-tailed Hawk,Geranoaetus albicaudatus,Accipitriformes,Accipitridae
Variable Hawk,Geranoaetus polyosoma,Accipitriformes,Accipitridae
Gray Hawk,Buteo plagiatus,Accipitriformes,Accipitridae
Gray-lined Hawk,Buteo nitidus,Accipitriformes,Accipitridae
Red-shouldered Hawk,Buteo lineatus,Accipitriformes,Accipitridae
Broad-winged Hawk,Buteo platypterus,Accipitriformes,Accipitridae
Hawaiian Hawk,Buteo solitarius,Accipitriformes,Accipitridae
Short-tailed Hawk,Buteo brachyurus,Accipitriformes,Accipitridae
Swainson's Hawk,Buteo swainsoni,Accipitriformes,Accipitridae
Zone-tailed Hawk,Buteo albonotatus,Accipitriformes,Accipitridae
Red-tailed Hawk,Buteo jamaicensis,Accipitriformes,Accipitridae
Rough-legged Hawk,Buteo lagopus,Accipitriformes,Accipitridae
Ferruginous Hawk,Buteo regalis,Accipitriformes,Accipitridae
Common Buzzard,Buteo buteo,Accipitriformes,Accipitridae
Eastern Buzzard,Buteo japonicus,Accipitriformes,Accipitridae
Yellow Rail,Coturnicops noveboracensis,Gruiformes,Rallidae
Black Rail,Laterallus jamaicensis,Gruiformes,Rallidae
Corn Crake,Crex crex,Gruiformes,Rallidae
Ridgway's Rail,Rallus obsoletus,Gruiformes,Rallidae
King Rail,Rallus elegans,Gruiformes,Rallidae
Clapper Rail,Rallus crepitans,Gruiformes,Rallidae
Virginia Rail,Rallus limicola,Gruiformes,Rallidae
Rufous-necked Wood-Rail,Aramides axillaris,Gruiformes,Rallidae
Sora,Porzana carolina,Gruiformes,Rallidae
Laysan Rail,Zapornia palmeri,Gruiformes,Rallidae
Hawaiian Rail,Zapornia sandwichensis,Gruiformes,Rallidae
Paint-billed Crake,Mustelirallus erythrops,Gruiformes,Rallidae
Spotted Rail,Pardirallus maculatus,Gruiformes,Rallidae
Purple Gallinule,Porphyrio martinica,Gruiformes,Rallidae
Western Swamphen,Porphyrio porphyrio,Gruiformes,Rallidae
Gray-headed Swamphen,Porphyrio poliocephalus,Gruiformes,Rallidae
Eurasian Moorhen,Gallinula chloropus,Gruiformes,Rallidae
Common Gallinule,Gallinula galeata,Gruiformes,Rallidae
Eurasian Coot,Fulica atra,Gruiformes,Rallidae
Hawaiian Coot,Fulica alai,Gruiformes,Rallidae
American Coot,Fulica americana,Gruiformes,Rallidae
Sungrebe,Heliornis fulica,Gruiformes,Heliornithidae
Limpkin,Aramus guarauna,Gruiformes,Aramidae
Gray Crowned-Crane,Balearica regulorum,Gruiformes,Gruidae
Sandhill Crane,Antigone canadensis,Gruiformes,Gruidae
Sarus Crane,Antigone antigone,Gruiformes,Gruidae
Common Crane,Grus grus,Gruiformes,Gruidae
Hooded Crane,Grus monacha,Gruiformes,Gruidae
Whooping Crane,Grus americana,Gruiformes,Gruidae
Double-striped Thick-knee,Burhinus bistriatus,Charadriiformes,Burhinidae
Black-winged Stilt,Himantopus himantopus,Charadriiformes,Recurvirostridae
Black-necked Stilt,Himantopus mexicanus,Charadriiformes,Recurvirostridae
American Avocet,Recurvirostra americana,Charadriiformes,Recurvirostridae
Eurasian Oystercatcher,Haematopus ostralegus,Charadriiformes,Haematopodidae
American Oystercatcher,Haematopus palliatus,Charadriiformes,Haematopodidae
Black Oystercatcher,Haematopus bachmani,Charadriiformes,Haematopodidae
Black-bellied Plover,Pluvialis squatarola,Charadriiformes,Charadriidae
European Golden-Plover,Pluvialis apricaria,Charadriiformes,Charadriidae
American Golden-Plover,Pluvialis dominica,Charadriiformes,Charadriidae
Pacific Golden-Plover,Pluvialis fulva,Charadriiformes,Charadriidae
Northern Lapwing,Vanellus vanellus,Charadriiformes,Charadriidae
Sociable Lapwing,Vanellus gregarius,Charadriiformes,Charadriidae
Lesser Sand-Plover,Charadrius mongolus,Charadriiformes,Charadriidae
Greater Sand-Plover,Charadrius leschenaultii,Charadriiformes,Charadriidae
Collared Plover,Charadrius collaris,Charadriiformes,Charadriidae
Snowy Plover,Charadrius nivosus,Charadriiformes,Charadriidae
Wilson's Plover,Charadrius wilsonia,Charadriiformes,Charadriidae
Common Ringed Plover,Charadrius hiaticula,Charadriiformes,Charadriidae
Semipalmated Plover,Charadrius semipalmatus,Charadriiformes,Charadriidae
Piping Plover,Charadrius melodus,Charadriiformes,Charadriidae
Little Ringed Plover,Charadrius dubius,Charadriiformes,Charadriidae
Killdeer,Charadrius vociferus,Charadriiformes,Charadriidae
Mountain Plover,Charadrius montanus,Charadriiformes,Charadriidae
Eurasian Dotterel,Charadrius morinellus,Charadriiformes,Charadriidae
Northern Jacana,Jacana spinosa,Charadriiformes,Jacanidae
Upland Sandpiper,Bartramia longicauda,Charadriiformes,Scolopacidae
Bristle-thighed Curlew,Numenius tahitiensis,Charadriiformes,Scolopacidae
Whimbrel,Numenius phaeopus,Charadriiformes,Scolopacidae
Little Curlew,Numenius minutus,Charadriiformes,Scolopacidae
Eskimo Curlew,Numenius borealis,Charadriiformes,Scolopacidae
Long-billed Curlew,Numenius americanus,Charadriiformes,Scolopacidae
Far Eastern Curlew,Numenius madagascariensis,Charadriiformes,Scolopacidae
Slender-billed Curlew,Numenius tenuirostris,Charadriiformes,Scolopacidae
Eurasian Curlew,Numenius arquata,Charadriiformes,Scolopacidae
Bar-tailed Godwit,Limosa lapponica,Charadriiformes,Scolopacidae
Black-tailed Godwit,Limosa limosa,Charadriiformes,Scolopacidae
Hudsonian Godwit,Limosa haemastica,Charadriiformes,Scolopacidae
Marbled Godwit,Limosa fedoa,Charadriiformes,Scolopacidae
Ruddy Turnstone,Arenaria interpres,Charadriiformes,Scolopacidae
Black Turnstone,Arenaria melanocephala,Charadriiformes,Scolopacidae
Great Knot,Calidris tenuirostris,Charadriiformes,Scolopacidae
Red Knot,Calidris canutus,Charadriiformes,Scolopacidae
Surfbird,Calidris virgata,Charadriiformes,Scolopacidae
Ruff,Calidris pugnax,Charadriiformes,Scolopacidae
Broad-billed Sandpiper,Calidris falcinellus,Charadriiformes,Scolopacidae
Sharp-tailed Sandpiper,Calidris acuminata,Charadriiformes,Scolopacidae
Stilt Sandpiper,Calidris himantopus,Charadriiformes,Scolopacidae
Curlew Sandpiper,Calidris ferruginea,Charadriiformes,Scolopacidae
Temminck's Stint,Calidris temminckii,Charadriiformes,Scolopacidae
Long-toed Stint,Calidris subminuta,Charadriiformes,Scolopacidae
Spoon-billed Sandpiper,Calidris pygmea,Charadriiformes,Scolopacidae
Red-necked Stint,Calidris ruficollis,Charadriiformes,Scolopacidae
Sanderling,Calidris alba,Charadriiformes,Scolopacidae
Dunlin,Calidris alpina,Charadriiformes,Scolopacidae
Rock Sandpiper,Calidris ptilocnemis,Charadriiformes,Scolopacidae
Purple Sandpiper,Calidris maritima,Charadriiformes,Scolopacidae
Baird's Sandpiper,Calidris bairdii,Charadriiformes,Scolopacidae
Little Stint,Calidris minuta,Charadriiformes,Scolopacidae
Least Sandpiper,Calidris minutilla,Charadriiformes,Scolopacidae
White-rumped Sandpiper,Calidris fuscicollis,Charadriiformes,Scolopacidae
Buff-breasted Sandpiper,Calidris subruficollis,Charadriiformes,Scolopacidae
Pectoral Sandpiper,Calidris melanotos,Charadriiformes,Scolopacidae
Semipalmated Sandpiper,Calidris pusilla,Charadriiformes,Scolopacidae
Western Sandpiper,Calidris mauri,Charadriiformes,Scolopacidae
Short-billed Dowitcher,Limnodromus griseus,Charadriiformes,Scolopacidae
Long-billed Dowitcher,Limnodromus scolopaceus,Charadriiformes,Scolopacidae
Jack Snipe,Lymnocryptes minimus,Charadriiformes,Scolopacidae
Eurasian Woodcock,Scolopax rusticola,Charadriiformes,Scolopacidae
American Woodcock,Scolopax minor,Charadriiformes,Scolopacidae
Solitary Snipe,Gallinago solitaria,Charadriiformes,Scolopacidae
Common Snipe,Gallinago gallinago,Charadriiformes,Scolopacidae
Wilson's Snipe,Gallinago delicata,Charadriiformes,Scolopacidae
Pin-tailed Snipe,Gallinago stenura,Charadriiformes,Scolopacidae
Terek Sandpiper,Xenus cinereus,Charadriiformes,Scolopacidae
Wilson's Phalarope,Phalaropus tricolor,Charadriiformes,Scolopacidae
Red-necked Phalarope,Phalaropus lobatus,Charadriiformes,Scolopacidae
Red Phalarope,Phalaropus fulicarius,Charadriiformes,Scolopacidae
Common Sandpiper,Actitis hypoleucos,Charadriiformes,Scolopacidae
Spotted Sandpiper,Actitis macularius,Charadriiformes,Scolopacidae
Green Sandpiper,Tringa ochropus,Charadriiformes,Scolopacidae
Solitary Sandpiper,Tringa solitaria,Charadriiformes,Scolopacidae
Gray-tailed Tattler,Tringa brevipes,Charadriiformes,Scolopacidae
Wandering Tattler,Tringa incana,Charadriiformes,Scolopacidae
Spotted Redshank,Tringa erythropus,Charadriiformes,Scolopacidae
Greater Yellowlegs,Tringa melanoleuca,Charadriiformes,Scolopacidae
Common Greenshank,Tringa nebularia,Charadriiformes,Scolopacidae
Willet,Tringa semipalmata,Charadriiformes,Scolopacidae
Lesser Yellowlegs,Tringa flavipes,Charadriiformes,Scolopacidae
Marsh Sandpiper,Tringa stagnatilis,Charadriiformes,Scolopacidae
Wood Sandpiper,Tringa glareola,Charadriiformes,Scolopacidae
Common Redshank,Tringa totanus,Charadriiformes,Scolopacidae
Oriental Pratincole,Glareola maldivarum,Charadriiformes,Glareolidae
Great Skua,Stercorarius skua,Charadriiformes,Stercorariidae
South Polar Skua,Stercorarius maccormicki,Charadriiformes,Stercorariidae
Pomarine Jaeger,Stercorarius pomarinus,Charadriiformes,Stercorariidae
Parasitic Jaeger,Stercorarius parasiticus,Charadriiformes,Stercorariidae
Long-tailed Jaeger,Stercorarius longicaudus,Charadriiformes,Stercorariidae
Dovekie,Alle alle,Charadriiformes,Alcidae
Common Murre,Uria aalge,Charadriiformes,Alcidae
Thick-billed Murre,Uria lomvia,Charadriiformes,Alcidae
Razorbill,Alca torda,Charadriiformes,Alcidae
Great Auk,Pinguinus impennis,Charadriiformes,Alcidae
Black Guillemot,Cepphus grylle,Charadriiformes,Alcidae
Pigeon Guillemot,Cepphus columba,Charadriiformes,Alcidae
Long-billed Murrelet,Brachyramphus perdix,Charadriiformes,Alcidae
Marbled Murrelet,Brachyramphus marmoratus,Charadriiformes,Alcidae
Kittlitz's Murrelet,Brachyramphus brevirostris,Charadriiformes,Alcidae
Scripps's Murrelet,Synthliboramphus scrippsi,Charadriiformes,Alcidae
Guadalupe Murrelet,Synthliboramphus hypoleucus,Charadriiformes,Alcidae
Craveri's Murrelet,Synthliboramphus craveri,Charadriiformes,Alcidae
Ancient Murrelet,Synthliboramphus antiquus,Charadriiformes,Alcidae
Cassin's Auklet,Ptychoramphus aleuticus,Charadriiformes,Alcidae
Parakeet Auklet,Aethia psittacula,Charadriiformes,Alcidae
Least Auklet,Aethia pusilla,Charadriiformes,Alcidae
Whiskered Auklet,Aethia pygmaea,Charadriiformes,Alcidae
Crested Auklet,Aethia cristatella,Charadriiformes,Alcidae
Rhinoceros Auklet,Cerorhinca monocerata,Charadriiformes,Alcidae
Atlantic Puffin,Fratercula arctica,Charadriiformes,Alcidae
Horned Puffin,Fratercula corniculata,Charadriiformes,Alcidae
Tufted Puffin,Fratercula cirrhata,Charadriiformes,Alcidae
Swallow-tailed Gull,Creagrus furcatus,Charadriiformes,Laridae
Black-legged Kittiwake,Rissa tridactyla,Charadriiformes,Laridae
Red-legged Kittiwake,Rissa brevirostris,Charadriiformes,Laridae
Ivory Gull,Pagophila eburnea,Charadriiformes,Laridae
Sabine's Gull,Xema sabini,Charadriiformes,Laridae
Bonaparte's Gull,Chroicocephalus philadelphia,Charadriiformes,Laridae
Black-headed Gull,Chroicocephalus ridibundus,Charadriiformes,Laridae
Little Gull,Hydrocoloeus minutus,Charadriiformes,Laridae
Ross's Gull,Rhodostethia rosea,Charadriiformes,Laridae
Laughing Gull,Leucophaeus atricilla,Charadriiformes,Laridae
Franklin's Gull,Leucophaeus pipixcan,Charadriiformes,Laridae
Belcher's Gull,Larus belcheri,Charadriiformes,Laridae
Black-tailed Gull,Larus crassirostris,Charadriiformes,Laridae
Heermann's Gull,Larus heermanni,Charadriiformes,Laridae
Mew Gull,Larus canus,Charadriiformes,Laridae
Ring-billed Gull,Larus delawarensis,Charadriiformes,Laridae
Western Gull,Larus occidentalis,Charadriiformes,Laridae
Yellow-footed Gull,Larus livens,Charadriiformes,Laridae
California Gull,Larus californicus,Charadriiformes,Laridae
Herring Gull,Larus argentatus,Charadriiformes,Laridae
Yellow-legged Gull,Larus michahellis,Charadriiformes,Laridae
Iceland Gull,Larus glaucoides,Charadriiformes,Laridae
Lesser Black-backed Gull,Larus fuscus,Charadriiformes,Laridae
Slaty-backed Gull,Larus schistisagus,Charadriiformes,Laridae
Glaucous-winged Gull,Larus glaucescens,Charadriiformes,Laridae
Glaucous Gull,Larus hyperboreus,Charadriiformes,Laridae
Great Black-backed Gull,Larus marinus,Charadriiformes,Laridae
Kelp Gull,Larus dominicanus,Charadriiformes,Laridae
Brown Noddy,Anous stolidus,Charadriiformes,Laridae
Black Noddy,Anous minutus,Charadriiformes,Laridae
Blue-gray Noddy,Anous ceruleus,Charadriiformes,Laridae
White Tern,Gygis alba,Charadriiformes,Laridae
Sooty Tern,Onychoprion fuscatus,Charadriiformes,Laridae
Gray-backed Tern,Onychoprion lunatus,Charadriiformes,Laridae
Bridled Tern,Onychoprion anaethetus,Charadriiformes,Laridae
Aleutian Tern,Onychoprion aleuticus,Charadriiformes,Laridae
Little Tern,Sternula albifrons,Charadriiformes,Laridae
Least Tern,Sternula antillarum,Charadriiformes,Laridae
Large-billed Tern,Phaetusa simplex,Charadriiformes,Laridae
Gull-billed Tern,Gelochelidon nilotica,Charadriiformes,Laridae
Caspian Tern,Hydroprogne caspia,Charadriiformes,Laridae
Black Tern,Chlidonias niger,Charadriiformes,Laridae
White-winged Tern,Chlidonias leucopterus,Charadriiformes,Laridae
Whiskered Tern,Chlidonias hybrida,Charadriiformes,Laridae
Roseate Tern,Sterna dougallii,Charadriiformes,Laridae
Common Tern,Sterna hirundo,Charadriiformes,Laridae
Arctic Tern,Sterna paradisaea,Charadriiformes,Laridae
Forster's Tern,Sterna forsteri,Charadriiformes,Laridae
Royal Tern,Thalasseus maximus,Charadriiformes,Laridae
Great Crested Tern,Thalasseus bergii,Charadriiformes,Laridae
Sandwich Tern,Thalasseus sandvicensis,Charadriiformes,Laridae
Elegant Tern,Thalasseus elegans,Charadriiformes,Laridae
Black Skimmer,Rynchops niger,Charadriiformes,Laridae
Chestnut-bellied Sandgrouse,Pterocles exustus,Pterocliformes,Pteroclidae
Rock Pigeon,Columba livia,Columbiformes,Columbidae
Scaly-naped Pigeon,Patagioenas squamosa,Columbiformes,Columbidae
White-crowned Pigeon,Patagioenas leucocephala,Columbiformes,Columbidae
Red-billed Pigeon,Patagioenas flavirostris,Columbiformes,Columbidae
Band-tailed Pigeon,Patagioenas fasciata,Columbiformes,Columbidae
Passenger Pigeon,Ectopistes migratorius,Columbiformes,Columbidae
European Turtle-Dove,Streptopelia turtur,Columbiformes,Columbidae
Oriental Turtle-Dove,Streptopelia orientalis,Columbiformes,Columbidae
Eurasian Collared-Dove,Streptopelia decaocto,Columbiformes,Columbidae
African Collared-Dove,Streptopelia roseogrisea,Columbiformes,Columbidae
Spotted Dove,Streptopelia chinensis,Columbiformes,Columbidae
Laughing Dove,Streptopelia senegalensis,Columbiformes,Columbidae
Zebra Dove,Geopelia striata,Columbiformes,Columbidae
Inca Dove,Columbina inca,Columbiformes,Columbidae
Common Ground-Dove,Columbina passerina,Columbiformes,Columbidae
Ruddy Ground-Dove,Columbina talpacoti,Columbiformes,Columbidae
Ruddy Quail-Dove,Geotrygon montana,Columbiformes,Columbidae
Key West Quail-Dove,Geotrygon chrysia,Columbiformes,Columbidae
White-tipped Dove,Leptotila verreauxi,Columbiformes,Columbidae
White-winged Dove,Zenaida asiatica,Columbiformes,Columbidae
Zenaida Dove,Zenaida aurita,Columbiformes,Columbidae
Mourning Dove,Zenaida macroura,Columbiformes,Columbidae
Smooth-billed Ani,Crotophaga ani,Cuculiformes,Cuculidae
Groove-billed Ani,Crotophaga sulcirostris,Cuculiformes,Cuculidae
Lesser Roadrunner,Geococcyx velox,Cuculiformes,Cuculidae
Greater Roadrunner,Geococcyx californianus,Cuculiformes,Cuculidae
Dark-billed Cuckoo,Coccyzus melacoryphus,Cuculiformes,Cuculidae
Yellow-billed Cuckoo,Coccyzus americanus,Cuculiformes,Cuculidae
Mangrove Cuckoo,Coccyzus minor,Cuculiformes,Cuculidae
Black-billed Cuckoo,Coccyzus erythropthalmus,Cuculiformes,Cuculidae
Common Cuckoo,Cuculus canorus,Cuculiformes,Cuculidae
Oriental Cuckoo,Cuculus optatus,Cuculiformes,Cuculidae
Barn Owl,Tyto alba,Strigiformes,Tytonidae
Oriental Scops-Owl,Otus sunia,Strigiformes,Strigidae
Flammulated Owl,Psiloscops flammeolus,Strigiformes,Strigidae
Western Screech-Owl,Megascops kennicottii,Strigiformes,Strigidae
Eastern Screech-Owl,Megascops asio,Strigiformes,Strigidae
Whiskered Screech-Owl,Megascops trichopsis,Strigiformes,Strigidae
Spectacled Owl,Pulsatrix perspicillata,Strigiformes,Strigidae
Great Horned Owl,Bubo virginianus,Strigiformes,Strigidae
Snowy Owl,Bubo scandiacus,Strigiformes,Strigidae
Northern Hawk Owl,Surnia ulula,Strigiformes,Strigidae
Northern Pygmy-Owl,Glaucidium gnoma,Strigiformes,Strigidae
Ferruginous Pygmy-Owl,Glaucidium brasilianum,Strigiformes,Strigidae
Elf Owl,Micrathene whitneyi,Strigiformes,Strigidae
Burrowing Owl,Athene cunicularia,Strigiformes,Strigidae
Mottled Owl,Ciccaba virgata,Strigiformes,Strigidae
Spotted Owl,Strix occidentalis,Strigiformes,Strigidae
Barred Owl,Strix varia,Strigiformes,Strigidae
Great Gray Owl,Strix nebulosa,Strigiformes,Strigidae
Long-eared Owl,Asio otus,Strigiformes,Strigidae
Stygian Owl,Asio stygius,Strigiformes,Strigidae
Short-eared Owl,Asio flammeus,Strigiformes,Strigidae
Boreal Owl,Aegolius funereus,Strigiformes,Strigidae
Northern Saw-whet Owl,Aegolius acadicus,Strigiformes,Strigidae
Northern Boobook,Ninox japonica,Strigiformes,Strigidae
Lesser Nighthawk,Chordeiles acutipennis,Caprimulgiformes,Caprimulgidae
Common Nighthawk,Chordeiles minor,Caprimulgiformes,Caprimulgidae
Antillean Nighthawk,Chordeiles gundlachii,Caprimulgiformes,Caprimulgidae
Common Pauraque,Nyctidromus albicollis,Caprimulgiformes,Caprimulgidae
Common Poorwill,Phalaenoptilus nuttallii,Caprimulgiformes,Caprimulgidae
Chuck-will's-widow,Antrostomus carolinensis,Caprimulgiformes,Caprimulgidae
Buff-collared Nightjar,Antrostomus ridgwayi,Caprimulgiformes,Caprimulgidae
Eastern Whip-poor-will,Antrostomus vociferus,Caprimulgiformes,Caprimulgidae
Mexican Whip-poor-will,Antrostomus arizonae,Caprimulgiformes,Caprimulgidae
Gray Nightjar,Caprimulgus jotaka,Caprimulgiformes,Caprimulgidae
Black Swift,Cypseloides niger,Caprimulgiformes,Apodidae
White-collared Swift,Streptoprocne zonaris,Caprimulgiformes,Apodidae
Chimney Swift,Chaetura pelagica,Caprimulgiformes,Apodidae
Vaux's Swift,Chaetura vauxi,Caprimulgiformes,Apodidae
White-throated Needletail,Hirundapus caudacutus,Caprimulgiformes,Apodidae
Mariana Swiftlet,Aerodramus bartschi,Caprimulgiformes,Apodidae
White-nest Swiftlet,Aerodramus fuciphagus,Caprimulgiformes,Apodidae
Common Swift,Apus apus,Caprimulgiformes,Apodidae
Pacific Swift,Apus pacificus,Caprimulgiformes,Apodidae
House Swift,Apus nipalensis,Caprimulgiformes,Apodidae
White-throated Swift,Aeronautes saxatalis,Caprimulgiformes,Apodidae
Antillean Palm-Swift,Tachornis phoenicobia,Caprimulgiformes,Apodidae
Mexican Violetear,Colibri thalassinus,Caprimulgiformes,Trochilidae
Lesser Violetear,Colibri cyanotus,Caprimulgiformes,Trochilidae
Green-breasted Mango,Anthracothorax prevostii,Caprimulgiformes,Trochilidae
Rivoli's Hummingbird,Eugenes fulgens,Caprimulgiformes,Trochilidae
Plain-capped Starthroat,Heliomaster constantii,Caprimulgiformes,Trochilidae
Amethyst-throated Hummingbird,Lampornis amethystinus,Caprimulgiformes,Trochilidae
Blue-throated Hummingbird,Lampornis clemenciae,Caprimulgiformes,Trochilidae
Lucifer Hummingbird,Calothorax lucifer,Caprimulgiformes,Trochilidae
Bahama Woodstar,Calliphlox evelynae,Caprimulgiformes,Trochilidae
Ruby-throated Hummingbird,Archilochus colubris,Caprimulgiformes,Trochilidae
Black-chinned Hummingbird,Archilochus alexandri,Caprimulgiformes,Trochilidae
Anna's Hummingbird,Calypte anna,Caprimulgiformes,Trochilidae
Costa's Hummingbird,Calypte costae,Caprimulgiformes,Trochilidae
Bumblebee Hummingbird,Atthis heloisa,Caprimulgiformes,Trochilidae
Broad-tailed Hummingbird,Selasphorus platycercus,Caprimulgiformes,Trochilidae
Rufous Hummingbird,Selasphorus rufus,Caprimulgiformes,Trochilidae
Allen's Hummingbird,Selasphorus sasin,Caprimulgiformes,Trochilidae
Calliope Hummingbird,Selasphorus calliope,Caprimulgiformes,Trochilidae
Broad-billed Hummingbird,Cynanthus latirostris,Caprimulgiformes,Trochilidae
Berylline Hummingbird,Amazilia beryllina,Caprimulgiformes,Trochilidae
Buff-bellied Hummingbird,Amazilia yucatanensis,Caprimulgiformes,Trochilidae
Cinnamon Hummingbird,Amazilia rutila,Caprimulgiformes,Trochilidae
Violet-crowned Hummingbird,Amazilia violiceps,Caprimulgiformes,Trochilidae
White-eared Hummingbird,Hylocharis leucotis,Caprimulgiformes,Trochilidae
Xantus's Hummingbird,Hylocharis xantusii,Caprimulgiformes,Trochilidae
Eared Quetzal,Euptilotis neoxenus,Trogoniformes,Trogonidae
Elegant Trogon,Trogon elegans,Trogoniformes,Trogonidae
Eurasian Hoopoe,Upupa epops,Bucerotiformes,Upupidae
Ringed Kingfisher,Megaceryle torquata,Coraciiformes,Alcedinidae
Belted Kingfisher,Megaceryle alcyon,Coraciiformes,Alcedinidae
Amazon Kingfisher,Chloroceryle amazona,Coraciiformes,Alcedinidae
Green Kingfisher,Chloroceryle americana,Coraciiformes,Alcedinidae
Eurasian Wryneck,Jynx torquilla,Piciformes,Picidae
Lewis's Woodpecker,Melanerpes lewis,Piciformes,Picidae
Red-headed Woodpecker,Melanerpes erythrocephalus,Piciformes,Picidae
Acorn Woodpecker,Melanerpes formicivorus,Piciformes,Picidae
Gila Woodpecker,Melanerpes uropygialis,Piciformes,Picidae
Golden-fronted Woodpecker,Melanerpes aurifrons,Piciformes,Picidae
Red-bellied Woodpecker,Melanerpes carolinus,Piciformes,Picidae
Williamson's Sapsucker,Sphyrapicus thyroideus,Piciformes,Picidae
Yellow-bellied Sapsucker,Sphyrapicus varius,Piciformes,Picidae
Red-naped Sapsucker,Sphyrapicus nuchalis,Piciformes,Picidae
Red-breasted Sapsucker,Sphyrapicus ruber,Piciformes,Picidae
Great Spotted Woodpecker,Dendrocopos major,Piciformes,Picidae
Ladder-backed Woodpecker,Picoides scalaris,Piciformes,Picidae
Nuttall's Woodpecker,Picoides nuttallii,Piciformes,Picidae
Downy Woodpecker,Picoides pubescens,Piciformes,Picidae
Hairy Woodpecker,Picoides villosus,Piciformes,Picidae
Arizona Woodpecker,Picoides arizonae,Piciformes,Picidae
Red-cockaded Woodpecker,Picoides borealis,Piciformes,Picidae
White-headed Woodpecker,Picoides albolarvatus,Piciformes,Picidae
American Three-toed Woodpecker,Picoides dorsalis,Piciformes,Picidae
Black-backed Woodpecker,Picoides arcticus,Piciformes,Picidae
Northern Flicker,Colaptes auratus,Piciformes,Picidae
Gilded Flicker,Colaptes chrysoides,Piciformes,Picidae
Pileated Woodpecker,Dryocopus pileatus,Piciformes,Picidae
Ivory-billed Woodpecker,Campephilus principalis,Piciformes,Picidae
Collared Forest-Falcon,Micrastur semitorquatus,Falconiformes,Falconidae
Crested Caracara,Caracara cheriway,Falconiformes,Falconidae
Eurasian Kestrel,Falco tinnunculus,Falconiformes,Falconidae
American Kestrel,Falco sparverius,Falconiformes,Falconidae
Red-footed Falcon,Falco vespertinus,Falconiformes,Falconidae
Merlin,Falco columbarius,Falconiformes,Falconidae
Eurasian Hobby,Falco subbuteo,Falconiformes,Falconidae
Aplomado Falcon,Falco femoralis,Falconiformes,Falconidae
Gyrfalcon,Falco rusticolus,Falconiformes,Falconidae
Peregrine Falcon,Falco peregrinus,Falconiformes,Falconidae
Prairie Falcon,Falco mexicanus,Falconiformes,Falconidae
Galah,Eolophus roseicapilla,Psittaciformes,Cacatuidae
Tanimbar Corella,Cacatua goffiniana,Psittaciformes,Cacatuidae
Sulphur-crested Cockatoo,Cacatua galerita,Psittaciformes,Cacatuidae
Salmon-crested Cockatoo,Cacatua moluccensis,Psittaciformes,Cacatuidae
Eclectus Parrot,Eclectus roratus,Psittaciformes,Psittaculidae
Alexandrine Parakeet,Psittacula eupatria,Psittaciformes,Psittaculidae
Rose-ringed Parakeet,Psittacula krameri,Psittaciformes,Psittaculidae
Plum-headed Parakeet,Psittacula cyanocephala,Psittaciformes,Psittaculidae
Blossom-headed Parakeet,Psittacula roseata,Psittaciformes,Psittaculidae
Pale-headed Rosella,Platycercus adscitus,Psittaciformes,Psittaculidae
Budgerigar,Melopsittacus undulatus,Psittaciformes,Psittaculidae
Chattering Lory,Lorius garrulus,Psittaciformes,Psittaculidae
Rainbow Lorikeet,Trichoglossus haematodus,Psittaciformes,Psittaculidae
Scaly-breasted Lorikeet,Trichoglossus chlorolepidotus,Psittaciformes,Psittaculidae
Rosy-faced Lovebird,Agapornis roseicollis,Psittaciformes,Psittaculidae
Fischer's Lovebird,Agapornis fischeri,Psittaciformes,Psittaculidae
Yellow-collared Lovebird,Agapornis personatus,Psittaciformes,Psittaculidae
Gray Parrot,Psittacus erithacus,Psittaciformes,Psittacidae
Rüppell's Parrot,Poicephalus rueppellii,Psittaciformes,Psittacidae
Senegal Parrot,Poicephalus senegalus,Psittaciformes,Psittacidae
Monk Parakeet,Myiopsitta monachus,Psittaciformes,Psittacidae
Tui Parakeet,Brotogeris sanctithomae,Psittaciformes,Psittacidae
White-winged Parakeet,Brotogeris versicolurus,Psittaciformes,Psittacidae
Yellow-chevroned Parakeet,Brotogeris chiriri,Psittaciformes,Psittacidae
Orange-chinned Parakeet,Brotogeris jugularis,Psittaciformes,Psittacidae
White-crowned Parrot,Pionus senilis,Psittaciformes,Psittacidae
Festive Parrot,Amazona festiva,Psittaciformes,Psittacidae
Red-spectacled Parrot,Amazona pretrei,Psittaciformes,Psittacidae
Red-crowned Parrot,Amazona viridigenalis,Psittaciformes,Psittacidae
Lilac-crowned Parrot,Amazona finschi,Psittaciformes,Psittacidae
Red-lored Parrot,Amazona autumnalis,Psittaciformes,Psittacidae
Yellow-naped Parrot,Amazona auropalliata,Psittaciformes,Psittacidae
Yellow-headed Parrot,Amazona oratrix,Psittaciformes,Psittacidae
Yellow-shouldered Parrot,Amazona barbadensis,Psittaciformes,Psittacidae
Turquoise-fronted Parrot,Amazona aestiva,Psittaciformes,Psittacidae
White-fronted Parrot,Amazona albifrons,Psittaciformes,Psittacidae
Hispaniolan Parrot,Amazona ventralis,Psittaciformes,Psittacidae
Mealy Parrot,Amazona farinosa,Psittaciformes,Psittacidae
Orange-winged Parrot,Amazona amazonica,Psittaciformes,Psittacidae
Maroon-bellied Parakeet,Pyrrhura frontalis,Psittaciformes,Psittacidae
Green-cheeked Parakeet,Pyrrhura molinae,Psittaciformes,Psittacidae
Burrowing Parakeet,Cyanoliseus patagonus,Psittaciformes,Psittacidae
Hyacinth Macaw,Anodorhynchus hyacinthinus,Psittaciformes,Psittacidae
Thick-billed Parrot,Rhynchopsitta pachyrhyncha,Psittaciformes,Psittacidae
Maroon-fronted Parrot,Rhynchopsitta terrisi,Psittaciformes,Psittacidae
Orange-fronted Parakeet,Eupsittula canicularis,Psittaciformes,Psittacidae
Peach-fronted Parakeet,Eupsittula aurea,Psittaciformes,Psittacidae
Brown-throated Parakeet,Eupsittula pertinax,Psittaciformes,Psittacidae
Carolina Parakeet,Conuropsis carolinensis,Psittaciformes,Psittacidae
Dusky-headed Parakeet,Aratinga weddellii,Psittaciformes,Psittacidae
Nanday Parakeet,Aratinga nenday,Psittaciformes,Psittacidae
Yellow-collared Macaw,Primolius auricollis,Psittaciformes,Psittacidae
Blue-and-yellow Macaw,Ara ararauna,Psittaciformes,Psittacidae
Military Macaw,Ara militaris,Psittaciformes,Psittacidae
Scarlet Macaw,Ara macao,Psittaciformes,Psittacidae
Chestnut-fronted Macaw,Ara severus,Psittaciformes,Psittacidae
Blue-crowned Parakeet,Thectocercus acuticaudatus,Psittaciformes,Psittacidae
Red-shouldered Macaw,Diopsittaca nobilis,Psittaciformes,Psittacidae
Crimson-fronted Parakeet,Psittacara finschi,Psittaciformes,Psittacidae
Scarlet-fronted Parakeet,Psittacara wagleri,Psittaciformes,Psittacidae
Mitred Parakeet,Psittacara mitratus,Psittaciformes,Psittacidae
Red-masked Parakeet,Psittacara erythrogenys,Psittaciformes,Psittacidae
White-eyed Parakeet,Psittacara leucophthalmus,Psittaciformes,Psittacidae
Barred Antshrike,Thamnophilus doliatus,Passeriformes,Thamnophilidae
Northern Beardless-Tyrannulet,Camptostoma imberbe,Passeriformes,Tyrannidae
Greenish Elaenia,Myiopagis viridicata,Passeriformes,Tyrannidae
Caribbean Elaenia,Elaenia martinica,Passeriformes,Tyrannidae
White-crested Elaenia,Elaenia albiceps,Passeriformes,Tyrannidae
Tufted Flycatcher,Mitrephanes phaeocercus,Passeriformes,Tyrannidae
Olive-sided Flycatcher,Contopus cooperi,Passeriformes,Tyrannidae
Greater Pewee,Contopus pertinax,Passeriformes,Tyrannidae
Western Wood-Pewee,Contopus sordidulus,Passeriformes,Tyrannidae
Eastern Wood-Pewee,Contopus virens,Passeriformes,Tyrannidae
Cuban Pewee,Contopus caribaeus,Passeriformes,Tyrannidae
Yellow-bellied Flycatcher,Empidonax flaviventris,Passeriformes,Tyrannidae
Acadian Flycatcher,Empidonax virescens,Passeriformes,Tyrannidae
Alder Flycatcher,Empidonax alnorum,Passeriformes,Tyrannidae
Willow Flycatcher,Empidonax traillii,Passeriformes,Tyrannidae
Least Flycatcher,Empidonax minimus,Passeriformes,Tyrannidae
Hammond's Flycatcher,Empidonax hammondii,Passeriformes,Tyrannidae
Gray Flycatcher,Empidonax wrightii,Passeriformes,Tyrannidae
Dusky Flycatcher,Empidonax oberholseri,Passeriformes,Tyrannidae
Pacific-slope Flycatcher,Empidonax difficilis,Passeriformes,Tyrannidae
Cordilleran Flycatcher,Empidonax occidentalis,Passeriformes,Tyrannidae
Buff-breasted Flycatcher,Empidonax fulvifrons,Passeriformes,Tyrannidae
Black Phoebe,Sayornis nigricans,Passeriformes,Tyrannidae
Eastern Phoebe,Sayornis phoebe,Passeriformes,Tyrannidae
Say's Phoebe,Sayornis saya,Passeriformes,Tyrannidae
Vermilion Flycatcher,Pyrocephalus rubinus,Passeriformes,Tyrannidae
Dusky-capped Flycatcher,Myiarchus tuberculifer,Passeriformes,Tyrannidae
Ash-throated Flycatcher,Myiarchus cinerascens,Passeriformes,Tyrannidae
Nutting's Flycatcher,Myiarchus nuttingi,Passeriformes,Tyrannidae
Great Crested Flycatcher,Myiarchus crinitus,Passeriformes,Tyrannidae
Brown-crested Flycatcher,Myiarchus tyrannulus,Passeriformes,Tyrannidae
La Sagra's Flycatcher,Myiarchus sagrae,Passeriformes,Tyrannidae
Great Kiskadee,Pitangus sulphuratus,Passeriformes,Tyrannidae
Social Flycatcher,Myiozetetes similis,Passeriformes,Tyrannidae
Sulphur-bellied Flycatcher,Myiodynastes luteiventris,Passeriformes,Tyrannidae
Piratic Flycatcher,Legatus leucophaius,Passeriformes,Tyrannidae
Variegated Flycatcher,Empidonomus varius,Passeriformes,Tyrannidae
Crowned Slaty Flycatcher,Empidonomus aurantioatrocristatus,Passeriformes,Tyrannidae
Tropical Kingbird,Tyrannus melancholicus,Passeriformes,Tyrannidae
Couch's Kingbird,Tyrannus couchii,Passeriformes,Tyrannidae
Cassin's Kingbird,Tyrannus vociferans,Passeriformes,Tyrannidae
Thick-billed Kingbird,Tyrannus crassirostris,Passeriformes,Tyrannidae
Western Kingbird,Tyrannus verticalis,Passeriformes,Tyrannidae
Eastern Kingbird,Tyrannus tyrannus,Passeriformes,Tyrannidae
Gray Kingbird,Tyrannus dominicensis,Passeriformes,Tyrannidae
Loggerhead Kingbird,Tyrannus caudifasciatus,Passeriformes,Tyrannidae
Scissor-tailed Flycatcher,Tyrannus forficatus,Passeriformes,Tyrannidae
Fork-tailed Flycatcher,Tyrannus savana,Passeriformes,Tyrannidae
Masked Tityra,Tityra semifasciata,Passeriformes,Tityridae
Gray-collared Becard,Pachyramphus major,Passeriformes,Tityridae
Rose-throated Becard,Pachyramphus aglaiae,Passeriformes,Tityridae
Red-backed Shrike,Lanius collurio,Passeriformes,Laniidae
Brown Shrike,Lanius cristatus,Passeriformes,Laniidae
Loggerhead Shrike,Lanius ludovicianus,Passeriformes,Laniidae
Northern Shrike,Lanius borealis,Passeriformes,Laniidae
Black-capped Vireo,Vireo atricapilla,Passeriformes,Vireonidae
White-eyed Vireo,Vireo griseus,Passeriformes,Vireonidae
Thick-billed Vireo,Vireo crassirostris,Passeriformes,Vireonidae
Cuban Vireo,Vireo gundlachii,Passeriformes,Vireonidae
Bell's Vireo,Vireo bellii,Passeriformes,Vireonidae
Gray Vireo,Vireo vicinior,Passeriformes,Vireonidae
Hutton's Vireo,Vireo huttoni,Passeriformes,Vireonidae
Yellow-throated Vireo,Vireo flavifrons,Passeriformes,Vireonidae
Cassin's Vireo,Vireo cassinii,Passeriformes,Vireonidae
Blue-headed Vireo,Vireo solitarius,Passeriformes,Vireonidae
Plumbeous Vireo,Vireo plumbeus,Passeriformes,Vireonidae
Philadelphia Vireo,Vireo philadelphicus,Passeriformes,Vireonidae
Warbling Vireo,Vireo gilvus,Passeriformes,Vireonidae
Red-eyed Vireo,Vireo olivaceus,Passeriformes,Vireonidae
Yellow-green Vireo,Vireo flavoviridis,Passeriformes,Vireonidae
Black-whiskered Vireo,Vireo altiloquus,Passeriformes,Vireonidae
Yucatan Vireo,Vireo magister,Passeriformes,Vireonidae
Hawaii Elepaio,Chasiempis sandwichensis,Passeriformes,Monarchidae
Kauai Elepaio,Chasiempis sclateri,Passeriformes,Monarchidae
Oahu Elepaio,Chasiempis ibidis,Passeriformes,Monarchidae
Gray Jay,Perisoreus canadensis,Passeriformes,Corvidae
Black-throated Magpie-Jay,Calocitta colliei,Passeriformes,Corvidae
Brown Jay,Psilorhinus morio,Passeriformes,Corvidae
Green Jay,Cyanocorax yncas,Passeriformes,Corvidae
Azure Jay,Cyanocorax caeruleus,Passeriformes,Corvidae
Pinyon Jay,Gymnorhinus cyanocephalus,Passeriformes,Corvidae
Steller's Jay,Cyanocitta stelleri,Passeriformes,Corvidae
Blue Jay,Cyanocitta cristata,Passeriformes,Corvidae
Florida Scrub-Jay,Aphelocoma coerulescens,Passeriformes,Corvidae
Island Scrub-Jay,Aphelocoma insularis,Passeriformes,Corvidae
California Scrub-Jay,Aphelocoma californica,Passeriformes,Corvidae
Woodhouse's Scrub-Jay,Aphelocoma woodhouseii,Passeriformes,Corvidae
Mexican Jay,Aphelocoma wollweberi,Passeriformes,Corvidae
Black-billed Magpie,Pica hudsonia,Passeriformes,Corvidae
Yellow-billed Magpie,Pica nuttalli,Passeriformes,Corvidae
Clark's Nutcracker,Nucifraga columbiana,Passeriformes,Corvidae
Eurasian Jackdaw,Corvus monedula,Passeriformes,Corvidae
American Crow,Corvus brachyrhynchos,Passeriformes,Corvidae
Northwestern Crow,Corvus caurinus,Passeriformes,Corvidae
Tamaulipas Crow,Corvus imparatus,Passeriformes,Corvidae
Fish Crow,Corvus ossifragus,Passeriformes,Corvidae
Hawaiian Crow,Corvus hawaiiensis,Passeriformes,Corvidae
Chihuahuan Raven,Corvus cryptoleucus,Passeriformes,Corvidae
Common Raven,Corvus corax,Passeriformes,Corvidae
Horned Lark,Eremophila alpestris,Passeriformes,Alaudidae
Eurasian Skylark,Alauda arvensis,Passeriformes,Alaudidae
Northern Rough-winged Swallow,Stelgidopteryx serripennis,Passeriformes,Hirundinidae
Purple Martin,Progne subis,Passeriformes,Hirundinidae
Cuban Martin,Progne cryptoleuca,Passeriformes,Hirundinidae
Gray-breasted Martin,Progne chalybea,Passeriformes,Hirundinidae
Southern Martin,Progne elegans,Passeriformes,Hirundinidae
Brown-chested Martin,Progne tapera,Passeriformes,Hirundinidae
Tree Swallow,Tachycineta bicolor,Passeriformes,Hirundinidae
Mangrove Swallow,Tachycineta albilinea,Passeriformes,Hirundinidae
Violet-green Swallow,Tachycineta thalassina,Passeriformes,Hirundinidae
Bahama Swallow,Tachycineta cyaneoviridis,Passeriformes,Hirundinidae
Bank Swallow,Riparia riparia,Passeriformes,Hirundinidae
Barn Swallow,Hirundo rustica,Passeriformes,Hirundinidae
Cliff Swallow,Petrochelidon pyrrhonota,Passeriformes,Hirundinidae
Cave Swallow,Petrochelidon fulva,Passeriformes,Hirundinidae
Common House-Martin,Delichon urbicum,Passeriformes,Hirundinidae
Varied Tit,Sittiparus varius,Passeriformes,Paridae
Carolina Chickadee,Poecile carolinensis,Passeriformes,Paridae
Black-capped Chickadee,Poecile atricapillus,Passeriformes,Paridae
Mountain Chickadee,Poecile gambeli,Passeriformes,Paridae
Mexican Chickadee,Poecile sclateri,Passeriformes,Paridae
Chestnut-backed Chickadee,Poecile rufescens,Passeriformes,Paridae
Boreal Chickadee,Poecile hudsonicus,Passeriformes,Paridae
Gray-headed Chickadee,Poecile cinctus,Passeriformes,Paridae
Bridled Titmouse,Baeolophus wollweberi,Passeriformes,Paridae
Oak Titmouse,Baeolophus inornatus,Passeriformes,Paridae
Juniper Titmouse,Baeolophus ridgwayi,Passeriformes,Paridae
Tufted Titmouse,Baeolophus bicolor,Passeriformes,Paridae
Black-crested Titmouse,Baeolophus atricristatus,Passeriformes,Paridae
Japanese Tit,Parus minor,Passeriformes,Paridae
Verdin,Auriparus flaviceps,Passeriformes,Remizidae
Bushtit,Psaltriparus minimus,Passeriformes,Aegithalidae
Red-breasted Nuthatch,Sitta canadensis,Passeriformes,Sittidae
White-breasted Nuthatch,Sitta carolinensis,Passeriformes,Sittidae
Pygmy Nuthatch,Sitta pygmaea,Passeriformes,Sittidae
Brown-headed Nuthatch,Sitta pusilla,Passeriformes,Sittidae
Brown Creeper,Certhia americana,Passeriformes,Certhiidae
Rock Wren,Salpinctes obsoletus,Passeriformes,Troglodytidae
Canyon Wren,Catherpes mexicanus,Passeriformes,Troglodytidae
House Wren,Troglodytes aedon,Passeriformes,Troglodytidae
Eurasian Wren,Troglodytes troglodytes,Passeriformes,Troglodytidae
Pacific Wren,Troglodytes pacificus,Passeriformes,Troglodytidae
Winter Wren,Troglodytes hiemalis,Passeriformes,Troglodytidae
Sedge Wren,Cistothorus platensis,Passeriformes,Troglodytidae
Marsh Wren,Cistothorus palustris,Passeriformes,Troglodytidae
Carolina Wren,Thryothorus ludovicianus,Passeriformes,Troglodytidae
Bewick's Wren,Thryomanes bewickii,Passeriformes,Troglodytidae
Cactus Wren,Campylorhynchus brunneicapillus,Passeriformes,Troglodytidae
Sinaloa Wren,Thryophilus sinaloa,Passeriformes,Troglodytidae
Blue-gray Gnatcatcher,Polioptila caerulea,Passeriformes,Polioptilidae
California Gnatcatcher,Polioptila californica,Passeriformes,Polioptilidae
Black-tailed Gnatcatcher,Polioptila melanura,Passeriformes,Polioptilidae
Black-capped Gnatcatcher,Polioptila nigriceps,Passeriformes,Polioptilidae
American Dipper,Cinclus mexicanus,Passeriformes,Cinclidae
Red-vented Bulbul,Pycnonotus cafer,Passeriformes,Pycnonotidae
Red-whiskered Bulbul,Pycnonotus jocosus,Passeriformes,Pycnonotidae
Golden-crowned Kinglet,Regulus satrapa,Passeriformes,Regulidae
Ruby-crowned Kinglet,Regulus calendula,Passeriformes,Regulidae
Japanese Bush Warbler,Horornis diphone,Passeriformes,Scotocercidae
Willow Warbler,Phylloscopus trochilus,Passeriformes,Phylloscopidae
Common Chiffchaff,Phylloscopus collybita,Passeriformes,Phylloscopidae
Wood Warbler,Phylloscopus sibilatrix,Passeriformes,Phylloscopidae
Dusky Warbler,Phylloscopus fuscatus,Passeriformes,Phylloscopidae
Pallas's Leaf Warbler,Phylloscopus proregulus,Passeriformes,Phylloscopidae
Yellow-browed Warbler,Phylloscopus inornatus,Passeriformes,Phylloscopidae
Arctic Warbler,Phylloscopus borealis,Passeriformes,Phylloscopidae
Kamchatka Leaf Warbler,Phylloscopus examinandus,Passeriformes,Phylloscopidae
Thick-billed Warbler,Iduna aedon,Passeriformes,Acrocephalidae
Sedge Warbler,Acrocephalus schoenobaenus,Passeriformes,Acrocephalidae
Blyth's Reed Warbler,Acrocephalus dumetorum,Passeriformes,Acrocephalidae
Millerbird,Acrocephalus familiaris,Passeriformes,Acrocephalidae
Middendorff's Grasshopper-Warbler,Locustella ochotensis,Passeriformes,Locustellidae
Lanceolated Warbler,Locustella lanceolata,Passeriformes,Locustellidae
Eurasian River Warbler,Locustella fluviatilis,Passeriformes,Locustellidae
Lesser Whitethroat,Sylvia curruca,Passeriformes,Sylviidae
Wrentit,Chamaea fasciata,Passeriformes,Paradoxornithidae
Japanese White-eye,Zosterops japonicus,Passeriformes,Zosteropidae
Chinese Hwamei,Garrulax canorus,Passeriformes,Leiothrichidae
Gray-sided Laughingthrush,Ianthocincla caerulata,Passeriformes,Leiothrichidae
Red-billed Leiothrix,Leiothrix lutea,Passeriformes,Leiothrichidae
Gray-streaked Flycatcher,Muscicapa griseisticta,Passeriformes,Muscicapidae
Dark-sided Flycatcher,Muscicapa sibirica,Passeriformes,Muscicapidae
Asian Brown Flycatcher,Muscicapa dauurica,Passeriformes,Muscicapidae
Spotted Flycatcher,Muscicapa striata,Passeriformes,Muscicapidae
White-rumped Shama,Copsychus malabaricus,Passeriformes,Muscicapidae
European Robin,Erithacus rubecula,Passeriformes,Muscicapidae
Rufous-tailed Robin,Larvivora sibilans,Passeriformes,Muscicapidae
Siberian Blue Robin,Larvivora cyane,Passeriformes,Muscicapidae
Bluethroat,Luscinia svecica,Passeriformes,Muscicapidae
Siberian Rubythroat,Calliope calliope,Passeriformes,Muscicapidae
Red-flanked Bluetail,Tarsiger cyanurus,Passeriformes,Muscicapidae
Narcissus Flycatcher,Ficedula narcissina,Passeriformes,Muscicapidae
Taiga Flycatcher,Ficedula albicilla,Passeriformes,Muscicapidae
Common Redstart,Phoenicurus phoenicurus,Passeriformes,Muscicapidae
Blue Rock-Thrush,Monticola solitarius,Passeriformes,Muscicapidae
Siberian Stonechat,Saxicola maurus,Passeriformes,Muscicapidae
Northern Wheatear,Oenanthe oenanthe,Passeriformes,Muscicapidae
Pied Wheatear,Oenanthe pleschanka,Passeriformes,Muscicapidae
Eastern Bluebird,Sialia sialis,Passeriformes,Turdidae
Western Bluebird,Sialia mexicana,Passeriformes,Turdidae
Mountain Bluebird,Sialia currucoides,Passeriformes,Turdidae
Townsend's Solitaire,Myadestes townsendi,Passeriformes,Turdidae
Kamao,Myadestes myadestinus,Passeriformes,Turdidae
Amaui,Myadestes woahensis,Passeriformes,Turdidae
Olomao,Myadestes lanaiensis,Passeriformes,Turdidae
Omao,Myadestes obscurus,Passeriformes,Turdidae
Puaiohi,Myadestes palmeri,Passeriformes,Turdidae
Orange-billed Nightingale-Thrush,Catharus aurantiirostris,Passeriformes,Turdidae
Black-headed Nightingale-Thrush,Catharus mexicanus,Passeriformes,Turdidae
Veery,Catharus fuscescens,Passeriformes,Turdidae
Gray-cheeked Thrush,Catharus minimus,Passeriformes,Turdidae
Bicknell's Thrush,Catharus bicknelli,Passeriformes,Turdidae
Swainson's Thrush,Catharus ustulatus,Passeriformes,Turdidae
Hermit Thrush,Catharus guttatus,Passeriformes,Turdidae
Wood Thrush,Hylocichla mustelina,Passeriformes,Turdidae
Eurasian Blackbird,Turdus merula,Passeriformes,Turdidae
Eyebrowed Thrush,Turdus obscurus,Passeriformes,Turdidae
Dusky Thrush,Turdus eunomus,Passeriformes,Turdidae
Fieldfare,Turdus pilaris,Passeriformes,Turdidae
Redwing,Turdus iliacus,Passeriformes,Turdidae
Song Thrush,Turdus philomelos,Passeriformes,Turdidae
Mistle Thrush,Turdus viscivorus,Passeriformes,Turdidae
Clay-colored Thrush,Turdus grayi,Passeriformes,Turdidae
White-throated Thrush,Turdus assimilis,Passeriformes,Turdidae
Rufous-backed Robin,Turdus rufopalliatus,Passeriformes,Turdidae
American Robin,Turdus migratorius,Passeriformes,Turdidae
Varied Thrush,Ixoreus naevius,Passeriformes,Turdidae
Aztec Thrush,Ridgwayia pinicola,Passeriformes,Turdidae
Blue Mockingbird,Melanotis caerulescens,Passeriformes,Mimidae
Black Catbird,Melanoptila glabrirostris,Passeriformes,Mimidae
Gray Catbird,Dumetella carolinensis,Passeriformes,Mimidae
Curve-billed Thrasher,Toxostoma curvirostre,Passeriformes,Mimidae
Brown Thrasher,Toxostoma rufum,Passeriformes,Mimidae
Long-billed Thrasher,Toxostoma longirostre,Passeriformes,Mimidae
Bendire's Thrasher,Toxostoma bendirei,Passeriformes,Mimidae
Gray Thrasher,Toxostoma cinereum,Passeriformes,Mimidae
California Thrasher,Toxostoma redivivum,Passeriformes,Mimidae
LeConte's Thrasher,Toxostoma lecontei,Passeriformes,Mimidae
Crissal Thrasher,Toxostoma crissale,Passeriformes,Mimidae
Sage Thrasher,Oreoscoptes montanus,Passeriformes,Mimidae
Bahama Mockingbird,Mimus gundlachii,Passeriformes,Mimidae
Tropical Mockingbird,Mimus gilvus,Passeriformes,Mimidae
Northern Mockingbird,Mimus polyglottos,Passeriformes,Mimidae
Common Hill Myna,Gracula religiosa,Passeriformes,Sturnidae
European Starling,Sturnus vulgaris,Passeriformes,Sturnidae
Common Myna,Acridotheres tristis,Passeriformes,Sturnidae
Jungle Myna,Acridotheres fuscus,Passeriformes,Sturnidae
Crested Myna,Acridotheres cristatellus,Passeriformes,Sturnidae
Siberian Accentor,Prunella montanella,Passeriformes,Prunellidae
Western Yellow Wagtail,Motacilla flava,Passeriformes,Motacillidae
Eastern Yellow Wagtail,Motacilla tschutschensis,Passeriformes,Motacillidae
Citrine Wagtail,Motacilla citreola,Passeriformes,Motacillidae
Gray Wagtail,Motacilla cinerea,Passeriformes,Motacillidae
White Wagtail,Motacilla alba,Passeriformes,Motacillidae
Tree Pipit,Anthus trivialis,Passeriformes,Motacillidae
Olive-backed Pipit,Anthus hodgsoni,Passeriformes,Motacillidae
Pechora Pipit,Anthus gustavi,Passeriformes,Motacillidae
Red-throated Pipit,Anthus cervinus,Passeriformes,Motacillidae
American Pipit,Anthus rubescens,Passeriformes,Motacillidae
Sprague's Pipit,Anthus spragueii,Passeriformes,Motacillidae
Bohemian Waxwing,Bombycilla garrulus,Passeriformes,Bombycillidae
Cedar Waxwing,Bombycilla cedrorum,Passeriformes,Bombycillidae
Kauai Oo,Moho braccatus,Passeriformes,Mohoidae
Oahu Oo,Moho apicalis,Passeriformes,Mohoidae
Bishop's Oo,Moho bishopi,Passeriformes,Mohoidae
Hawaii Oo,Moho nobilis,Passeriformes,Mohoidae
Kioea,Chaetoptila angustipluma,Passeriformes,Mohoidae
Gray Silky-flycatcher,Ptiliogonys cinereus,Passeriformes,Ptiliogonatidae
Phainopepla,Phainopepla nitens,Passeriformes,Ptiliogonatidae
Olive Warbler,Peucedramus taeniatus,Passeriformes,Peucedramidae
Lapland Longspur,Calcarius lapponicus,Passeriformes,Calcariidae
Chestnut-collared Longspur,Calcarius ornatus,Passeriformes,Calcariidae
Smith's Longspur,Calcarius pictus,Passeriformes,Calcariidae
McCown's Longspur,Rhynchophanes mccownii,Passeriformes,Calcariidae
Snow Bunting,Plectrophenax nivalis,Passeriformes,Calcariidae
McKay's Bunting,Plectrophenax hyperboreus,Passeriformes,Calcariidae
Ovenbird,Seiurus aurocapilla,Passeriformes,Parulidae
Worm-eating Warbler,Helmitheros vermivorum,Passeriformes,Parulidae
Louisiana Waterthrush,Parkesia motacilla,Passeriformes,Parulidae
Northern Waterthrush,Parkesia noveboracensis,Passeriformes,Parulidae
Bachman's Warbler,Vermivora bachmanii,Passeriformes,Parulidae
Golden-winged Warbler,Vermivora chrysoptera,Passeriformes,Parulidae
Blue-winged Warbler,Vermivora cyanoptera,Passeriformes,Parulidae
Black-and-white Warbler,Mniotilta varia,Passeriformes,Parulidae
Prothonotary Warbler,Protonotaria citrea,Passeriformes,Parulidae
Swainson's Warbler,Limnothlypis swainsonii,Passeriformes,Parulidae
Crescent-chested Warbler,Oreothlypis superciliosa,Passeriformes,Parulidae
Tennessee Warbler,Oreothlypis peregrina,Passeriformes,Parulidae
Orange-crowned Warbler,Oreothlypis celata,Passeriformes,Parulidae
Colima Warbler,Oreothlypis crissalis,Passeriformes,Parulidae
Lucy's Warbler,Oreothlypis luciae,Passeriformes,Parulidae
Nashville Warbler,Oreothlypis ruficapilla,Passeriformes,Parulidae
Virginia's Warbler,Oreothlypis virginiae,Passeriformes,Parulidae
Connecticut Warbler,Oporornis agilis,Passeriformes,Parulidae
Gray-crowned Yellowthroat,Geothlypis poliocephala,Passeriformes,Parulidae
MacGillivray's Warbler,Geothlypis tolmiei,Passeriformes,Parulidae
Mourning Warbler,Geothlypis philadelphia,Passeriformes,Parulidae
Kentucky Warbler,Geothlypis formosa,Passeriformes,Parulidae
Common Yellowthroat,Geothlypis trichas,Passeriformes,Parulidae
Hooded Warbler,Setophaga citrina,Passeriformes,Parulidae
American Redstart,Setophaga ruticilla,Passeriformes,Parulidae
Kirtland's Warbler,Setophaga kirtlandii,Passeriformes,Parulidae
Cape May Warbler,Setophaga tigrina,Passeriformes,Parulidae
Cerulean Warbler,Setophaga cerulea,Passeriformes,Parulidae
Northern Parula,Setophaga americana,Passeriformes,Parulidae
Tropical Parula,Setophaga pitiayumi,Passeriformes,Parulidae
Magnolia Warbler,Setophaga magnolia,Passeriformes,Parulidae
Bay-breasted Warbler,Setophaga castanea,Passeriformes,Parulidae
Blackburnian Warbler,Setophaga fusca,Passeriformes,Parulidae
Yellow Warbler,Setophaga petechia,Passeriformes,Parulidae
Chestnut-sided Warbler,Setophaga pensylvanica,Passeriformes,Parulidae
Blackpoll Warbler,Setophaga striata,Passeriformes,Parulidae
Black-throated Blue Warbler,Setophaga caerulescens,Passeriformes,Parulidae
Palm Warbler,Setophaga palmarum,Passeriformes,Parulidae
Pine Warbler,Setophaga pinus,Passeriformes,Parulidae
Yellow-rumped Warbler,Setophaga coronata,Passeriformes,Parulidae
Yellow-throated Warbler,Setophaga dominica,Passeriformes,Parulidae
Prairie Warbler,Setophaga discolor,Passeriformes,Parulidae
Grace's Warbler,Setophaga graciae,Passeriformes,Parulidae
Black-throated Gray Warbler,Setophaga nigrescens,Passeriformes,Parulidae
Townsend's Warbler,Setophaga townsendi,Passeriformes,Parulidae
Hermit Warbler,Setophaga occidentalis,Passeriformes,Parulidae
Golden-cheeked Warbler,Setophaga chrysoparia,Passeriformes,Parulidae
Black-throated Green Warbler,Setophaga virens,Passeriformes,Parulidae
Fan-tailed Warbler,Basileuterus lachrymosus,Passeriformes,Parulidae
Rufous-capped Warbler,Basileuterus rufifrons,Passeriformes,Parulidae
Golden-crowned Warbler,Basileuterus culicivorus,Passeriformes,Parulidae
Canada Warbler,Cardellina canadensis,Passeriformes,Parulidae
Wilson's Warbler,Cardellina pusilla,Passeriformes,Parulidae
Red-faced Warbler,Cardellina rubrifrons,Passeriformes,Parulidae
Painted Redstart,Myioborus pictus,Passeriformes,Parulidae
Slate-throated Redstart,Myioborus miniatus,Passeriformes,Parulidae
Red-crested Cardinal,Paroaria coronata,Passeriformes,Thraupidae
Yellow-billed Cardinal,Paroaria capitata,Passeriformes,Thraupidae
Crimson-collared Tanager,Ramphocelus sanguinolentus,Passeriformes,Thraupidae
Saffron Finch,Sicalis flaveola,Passeriformes,Thraupidae
White-collared Seedeater,Sporophila torqueola,Passeriformes,Thraupidae
Bananaquit,Coereba flaveola,Passeriformes,Thraupidae
Yellow-faced Grassquit,Tiaris olivaceus,Passeriformes,Thraupidae
Black-faced Grassquit,Tiaris bicolor,Passeriformes,Thraupidae
Greater Antillean Bullfinch,Loxigilla violacea,Passeriformes,Thraupidae
Rufous-winged Sparrow,Peucaea carpalis,Passeriformes,Passerellidae
Botteri's Sparrow,Peucaea botterii,Passeriformes,Passerellidae
Cassin's Sparrow,Peucaea cassinii,Passeriformes,Passerellidae
Bachman's Sparrow,Peucaea aestivalis,Passeriformes,Passerellidae
Grasshopper Sparrow,Ammodramus savannarum,Passeriformes,Passerellidae
Baird's Sparrow,Ammodramus bairdii,Passeriformes,Passerellidae
Henslow's Sparrow,Ammodramus henslowii,Passeriformes,Passerellidae
LeConte's Sparrow,Ammodramus leconteii,Passeriformes,Passerellidae
Nelson's Sparrow,Ammodramus nelsoni,Passeriformes,Passerellidae
Saltmarsh Sparrow,Ammodramus caudacutus,Passeriformes,Passerellidae
Seaside Sparrow,Ammodramus maritimus,Passeriformes,Passerellidae
Olive Sparrow,Arremonops rufivirgatus,Passeriformes,Passerellidae
American Tree Sparrow,Spizelloides arborea,Passeriformes,Passerellidae
Chipping Sparrow,Spizella passerina,Passeriformes,Passerellidae
Clay-colored Sparrow,Spizella pallida,Passeriformes,Passerellidae
Black-chinned Sparrow,Spizella atrogularis,Passeriformes,Passerellidae
Field Sparrow,Spizella pusilla,Passeriformes,Passerellidae
Brewer's Sparrow,Spizella breweri,Passeriformes,Passerellidae
Worthen's Sparrow,Spizella wortheni,Passeriformes,Passerellidae
Black-throated Sparrow,Amphispiza bilineata,Passeriformes,Passerellidae
Five-striped Sparrow,Amphispiza quinquestriata,Passeriformes,Passerellidae
Lark Sparrow,Chondestes grammacus,Passeriformes,Passerellidae
Lark Bunting,Calamospiza melanocorys,Passeriformes,Passerellidae
Fox Sparrow,Passerella iliaca,Passeriformes,Passerellidae
Dark-eyed Junco,Junco hyemalis,Passeriformes,Passerellidae
Yellow-eyed Junco,Junco phaeonotus,Passeriformes,Passerellidae
Baird's Junco,Junco bairdi,Passeriformes,Passerellidae
White-crowned Sparrow,Zonotrichia leucophrys,Passeriformes,Passerellidae
Golden-crowned Sparrow,Zonotrichia atricapilla,Passeriformes,Passerellidae
Harris's Sparrow,Zonotrichia querula,Passeriformes,Passerellidae
White-throated Sparrow,Zonotrichia albicollis,Passeriformes,Passerellidae
Sagebrush Sparrow,Artemisiospiza nevadensis,Passeriformes,Passerellidae
Bell's Sparrow,Artemisiospiza belli,Passeriformes,Passerellidae
Striped Sparrow,Oriturus superciliosus,Passeriformes,Passerellidae
Vesper Sparrow,Pooecetes gramineus,Passeriformes,Passerellidae
Savannah Sparrow,Passerculus sandwichensis,Passeriformes,Passerellidae
Song Sparrow,Melospiza melodia,Passeriformes,Passerellidae
Lincoln's Sparrow,Melospiza lincolnii,Passeriformes,Passerellidae
Swamp Sparrow,Melospiza georgiana,Passeriformes,Passerellidae
Canyon Towhee,Melozone fusca,Passeriformes,Passerellidae
Abert's Towhee,Melozone aberti,Passeriformes,Passerellidae
California Towhee,Melozone crissalis,Passeriformes,Passerellidae
Rufous-crowned Sparrow,Aimophila ruficeps,Passeriformes,Passerellidae
Green-tailed Towhee,Pipilo chlorurus,Passeriformes,Passerellidae
Spotted Towhee,Pipilo maculatus,Passeriformes,Passerellidae
Eastern Towhee,Pipilo erythrophthalmus,Passeriformes,Passerellidae
Pine Bunting,Emberiza leucocephalos,Passeriformes,Emberizidae
Yellow-browed Bunting,Emberiza chrysophrys,Passeriformes,Emberizidae
Little Bunting,Emberiza pusilla,Passeriformes,Emberizidae
Rustic Bunting,Emberiza rustica,Passeriformes,Emberizidae
Yellow-throated Bunting,Emberiza elegans,Passeriformes,Emberizidae
Yellow-breasted Bunting,Emberiza aureola,Passeriformes,Emberizidae
Gray Bunting,Emberiza variabilis,Passeriformes,Emberizidae
Pallas's Bunting,Emberiza pallasi,Passeriformes,Emberizidae
Reed Bunting,Emberiza schoeniclus,Passeriformes,Emberizidae
Western Spindalis,Spindalis zena,Passeriformes,Spindalidae
Yellow-breasted Chat,Icteria virens,Passeriformes,Icteriidae
Hepatic Tanager,Piranga flava,Passeriformes,Cardinalidae
Summer Tanager,Piranga rubra,Passeriformes,Cardinalidae
Scarlet Tanager,Piranga olivacea,Passeriformes,Cardinalidae
Western Tanager,Piranga ludoviciana,Passeriformes,Cardinalidae
Flame-colored Tanager,Piranga bidentata,Passeriformes,Cardinalidae
Crimson-collared Grosbeak,Rhodothraupis celaeno,Passeriformes,Cardinalidae
Northern Cardinal,Cardinalis cardinalis,Passeriformes,Cardinalidae
Pyrrhuloxia,Cardinalis sinuatus,Passeriformes,Cardinalidae
Yellow Grosbeak,Pheucticus chrysopeplus,Passeriformes,Cardinalidae
Rose-breasted Grosbeak,Pheucticus ludovicianus,Passeriformes,Cardinalidae
Black-headed Grosbeak,Pheucticus melanocephalus,Passeriformes,Cardinalidae
Blue Bunting,Cyanocompsa parellina,Passeriformes,Cardinalidae
Blue Grosbeak,Passerina caerulea,Passeriformes,Cardinalidae
Lazuli Bunting,Passerina amoena,Passeriformes,Cardinalidae
Indigo Bunting,Passerina cyanea,Passeriformes,Cardinalidae
Varied Bunting,Passerina versicolor,Passeriformes,Cardinalidae
Painted Bunting,Passerina ciris,Passeriformes,Cardinalidae
Dickcissel,Spiza americana,Passeriformes,Cardinalidae
Yellow-headed Blackbird,Xanthocephalus xanthocephalus,Passeriformes,Icteridae
Bobolink,Dolichonyx oryzivorus,Passeriformes,Icteridae
Western Meadowlark,Sturnella neglecta,Passeriformes,Icteridae
Eastern Meadowlark,Sturnella magna,Passeriformes,Icteridae
Montezuma Oropendola,Psarocolius montezuma,Passeriformes,Icteridae
Black-vented Oriole,Icterus wagleri,Passeriformes,Icteridae
Orchard Oriole,Icterus spurius,Passeriformes,Icteridae
Hooded Oriole,Icterus cucullatus,Passeriformes,Icteridae
Venezuelan Troupial,Icterus icterus,Passeriformes,Icteridae
Streak-backed Oriole,Icterus pustulatus,Passeriformes,Icteridae
Bullock's Oriole,Icterus bullockii,Passeriformes,Icteridae
Spot-breasted Oriole,Icterus pectoralis,Passeriformes,Icteridae
Altamira Oriole,Icterus gularis,Passeriformes,Icteridae
Audubon's Oriole,Icterus graduacauda,Passeriformes,Icteridae
Baltimore Oriole,Icterus galbula,Passeriformes,Icteridae
Black-backed Oriole,Icterus abeillei,Passeriformes,Icteridae
Scott's Oriole,Icterus parisorum,Passeriformes,Icteridae
Red-winged Blackbird,Agelaius phoeniceus,Passeriformes,Icteridae
Tricolored Blackbird,Agelaius tricolor,Passeriformes,Icteridae
Tawny-shouldered Blackbird,Agelaius humeralis,Passeriformes,Icteridae
Shiny Cowbird,Molothrus bonariensis,Passeriformes,Icteridae
Bronzed Cowbird,Molothrus aeneus,Passeriformes,Icteridae
Brown-headed Cowbird,Molothrus ater,Passeriformes,Icteridae
Rusty Blackbird,Euphagus carolinus,Passeriformes,Icteridae
Brewer's Blackbird,Euphagus cyanocephalus,Passeriformes,Icteridae
Common Grackle,Quiscalus quiscula,Passeriformes,Icteridae
Boat-tailed Grackle,Quiscalus major,Passeriformes,Icteridae
Great-tailed Grackle,Quiscalus mexicanus,Passeriformes,Icteridae
Common Chaffinch,Fringilla coelebs,Passeriformes,Fringillidae
Brambling,Fringilla montifringilla,Passeriformes,Fringillidae
Evening Grosbeak,Coccothraustes vespertinus,Passeriformes,Fringillidae
Hawfinch,Coccothraustes coccothraustes,Passeriformes,Fringillidae
Poo-uli,Melamprosops phaeosoma,Passeriformes,Fringillidae
Akikiki,Oreomystis bairdi,Passeriformes,Fringillidae
Oahu Alauahio,Paroreomyza maculata,Passeriformes,Fringillidae
Kakawahie,Paroreomyza flammea,Passeriformes,Fringillidae
Maui Alauahio,Paroreomyza montana,Passeriformes,Fringillidae
Palila,Loxioides bailleui,Passeriformes,Fringillidae
Laysan Finch,Telespiza cantans,Passeriformes,Fringillidae
Nihoa Finch,Telespiza ultima,Passeriformes,Fringillidae
Kona Grosbeak,Chloridops kona,Passeriformes,Fringillidae
Lesser Koa-Finch,Rhodacanthis flaviceps,Passeriformes,Fringillidae
Greater Koa-Finch,Rhodacanthis palmeri,Passeriformes,Fringillidae
Ula-ai-hawane,Ciridops anna,Passeriformes,Fringillidae
Akohekohe,Palmeria dolei,Passeriformes,Fringillidae
Laysan Honeycreeper,Himatione fraithii,Passeriformes,Fringillidae
Apapane,Himatione sanguinea,Passeriformes,Fringillidae
Iiwi,Drepanis coccinea,Passeriformes,Fringillidae
Hawaii Mamo,Drepanis pacifica,Passeriformes,Fringillidae
Black Mamo,Drepanis funerea,Passeriformes,Fringillidae
Ou,Psittirostra psittacea,Passeriformes,Fringillidae
Lanai Hookbill,Dysmorodrepanis munroi,Passeriformes,Fringillidae
Maui Parrotbill,Pseudonestor xanthophrys,Passeriformes,Fringillidae
Kauai Nukupuu,Hemignathus hanapepe,Passeriformes,Fringillidae
Oahu Nukupuu,Hemignathus lucidus,Passeriformes,Fringillidae
Maui Nukupuu,Hemignathus affinis,Passeriformes,Fringillidae
Akiapolaau,Hemignathus wilsoni,Passeriformes,Fringillidae
Lesser Akialoa,Akialoa obscura,Passeriformes,Fringillidae
Oahu Akialoa,Akialoa ellisiana,Passeriformes,Fringillidae
Kauai Akialoa,Akialoa stejnegeri,Passeriformes,Fringillidae
Maui-nui Akialoa,Akialoa lanaiensis,Passeriformes,Fringillidae
Anianiau,Magumma parva,Passeriformes,Fringillidae
Hawaii Amakihi,Chlorodrepanis virens,Passeriformes,Fringillidae
Oahu Amakihi,Chlorodrepanis flava,Passeriformes,Fringillidae
Kauai Amakihi,Chlorodrepanis stejnegeri,Passeriformes,Fringillidae
Greater Amakihi,Viridonia sagittirostris,Passeriformes,Fringillidae
Hawaii Creeper,Loxops mana,Passeriformes,Fringillidae
Akekee,Loxops caeruleirostris,Passeriformes,Fringillidae
Hawaii Akepa,Loxops coccineus,Passeriformes,Fringillidae
Oahu Akepa,Loxops wolstenholmei,Passeriformes,Fringillidae
Maui Akepa,Loxops ochraceus,Passeriformes,Fringillidae
Common Rosefinch,Carpodacus erythrinus,Passeriformes,Fringillidae
Pallas's Rosefinch,Carpodacus roseus,Passeriformes,Fringillidae
Pine Grosbeak,Pinicola enucleator,Passeriformes,Fringillidae
Eurasian Bullfinch,Pyrrhula pyrrhula,Passeriformes,Fringillidae
Trumpeter Finch,Bucanetes githagineus,Passeriformes,Fringillidae
Asian Rosy-Finch,Leucosticte arctoa,Passeriformes,Fringillidae
Gray-crowned Rosy-Finch,Leucosticte tephrocotis,Passeriformes,Fringillidae
Black Rosy-Finch,Leucosticte atrata,Passeriformes,Fringillidae
Brown-capped Rosy-Finch,Leucosticte australis,Passeriformes,Fringillidae
House Finch,Haemorhous mexicanus,Passeriformes,Fringillidae
Purple Finch,Haemorhous purpureus,Passeriformes,Fringillidae
Cassin's Finch,Haemorhous cassinii,Passeriformes,Fringillidae
Oriental Greenfinch,Chloris sinica,Passeriformes,Fringillidae
Yellow-fronted Canary,Crithagra mozambica,Passeriformes,Fringillidae
Common Redpoll,Acanthis flammea,Passeriformes,Fringillidae
Hoary Redpoll,Acanthis hornemanni,Passeriformes,Fringillidae
Red Crossbill,Loxia curvirostra,Passeriformes,Fringillidae
Cassia Crossbill,Loxia sinesciuris,Passeriformes,Fringillidae
White-winged Crossbill,Loxia leucoptera,Passeriformes,Fringillidae
European Goldfinch,Carduelis carduelis,Passeriformes,Fringillidae
European Serin,Serinus serinus,Passeriformes,Fringillidae
Island Canary,Serinus canaria,Passeriformes,Fringillidae
Eurasian Siskin,Spinus spinus,Passeriformes,Fringillidae
Pine Siskin,Spinus pinus,Passeriformes,Fringillidae
Black-headed Siskin,Spinus notatus,Passeriformes,Fringillidae
Lesser Goldfinch,Spinus psaltria,Passeriformes,Fringillidae
Lawrence's Goldfinch,Spinus lawrencei,Passeriformes,Fringillidae
American Goldfinch,Spinus tristis,Passeriformes,Fringillidae
House Sparrow,Passer domesticus,Passeriformes,Passeridae
Eurasian Tree Sparrow,Passer montanus,Passeriformes,Passeridae
Northern Red Bishop,Euplectes franciscanus,Passeriformes,Ploceidae
Yellow-crowned Bishop,Euplectes afer,Passeriformes,Ploceidae
Lavender Waxbill,Estrilda caerulescens,Passeriformes,Estrildidae
Orange-cheeked Waxbill,Estrilda melpoda,Passeriformes,Estrildidae
Black-rumped Waxbill,Estrilda troglodytes,Passeriformes,Estrildidae
Common Waxbill,Estrilda astrild,Passeriformes,Estrildidae
Red-cheeked Cordonbleu,Uraeginthus bengalus,Passeriformes,Estrildidae
Red Avadavat,Amandava amandava,Passeriformes,Estrildidae
Zebra Finch,Taeniopygia guttata,Passeriformes,Estrildidae
Indian Silverbill,Euodice malabarica,Passeriformes,Estrildidae
African Silverbill,Euodice cantans,Passeriformes,Estrildidae
Madagascar Munia,Lonchura nana,Passeriformes,Estrildidae
Scaly-breasted Munia,Lonchura punctulata,Passeriformes,Estrildidae
Tricolored Munia,Lonchura malacca,Passeriformes,Estrildidae
Chestnut Munia,Lonchura atricapilla,Passeriformes,Estrildidae
White-headed Munia,Lonchura maja,Passeriformes,Estrildidae
Java Sparrow,Lonchura oryzivora,Passeriformes,Estrildidae
Pin-tailed Whydah,Vidua macroura,Passeriformes,Viduidae
